{"cameraMode":{"drawMode":0,"name":"Shaded","section":"Shading Mode"},"sceneLighting":true,"audioPlay":false,"sceneViewState":{"showFog":true,"showMaterialUpdate":false,"showSkybox":true,"showFlares":true,"showImageEffects":true,"showParticleSystems":true},"in2DMode":false,"pivot":{"x":637.18701171875,"y":201.82879638671876,"z":-54.63848876953125},"rotation":{"x":-0.15552294254302979,"y":-0.2579445242881775,"z":0.04209518060088158,"w":-0.9527136087417603},"size":2414.20556640625,"orthographic":false}